{
  "locations": {
    "4-star": {
      "x": 93.65312233364206,
      "y": 15.722200772383069,
      "z": 0.0,
      "rotation": {
        "storage": {
          "q0": 1.0,
          "q1": 0.0,
          "q2": 0.0,
          "q3": 0.0
        }
      }
    },
    "3-boarder unioned to 1-holes differenced from 2-outsides": {
      "x": -11.925365552162418,
      "y": -13.876054229913414,
      "z": 0.0,
      "rotation": {
        "storage": {
          "q0": 1.0,
          "q1": 0.0,
          "q2": 0.0,
          "q3": 0.0
        }
      }
    }
  },
  "bedX": 240.0,
  "bedY": 200.0
}